{
    "os": "Linux-6.5.0-10-generic-x86_64-with-glibc2.38",
    "python": "3.10.13",
    "heartbeatAt": "2023-11-09T17:05:27.485089",
    "startedAt": "2023-11-09T17:05:21.820970",
    "docker": null,
    "cuda": null,
    "args": [
        "downsample_rate=6",
        "duration=5760",
        "offset=50",
        "optimizer.lr=0.0002",
        "sigma=3",
        "encoder=UNet++",
        "exp_name=UNet++",
        "loss.name=focal",
        "loss.weight=10"
    ],
    "state": "running",
    "program": "/home/xuanming/kaggle-detect-sleep/run/train.py",
    "codePathLocal": "run/train.py",
    "codePath": "run/train.py",
    "git": {
        "remote": "git@github.com:lullabies777/kaggle-detect-sleep.git",
        "commit": "12c5615d94c2b14b3c006ae0093e5f193fcf09e3"
    },
    "email": null,
    "root": "/home/xuanming/kaggle-detect-sleep",
    "host": "xuanming777",
    "username": "xuanming",
    "executable": "/home/xuanming/anaconda3/envs/sleep/bin/python",
    "cpu_count": 24,
    "cpu_count_logical": 32,
    "cpu_freq": {
        "current": 1091.1733749999999,
        "min": 800.0,
        "max": 5087.5
    },
    "cpu_freq_per_core": [
        {
            "current": 1460.326,
            "min": 800.0,
            "max": 5700.0
        },
        {
            "current": 1407.685,
            "min": 800.0,
            "max": 5700.0
        },
        {
            "current": 1457.699,
            "min": 800.0,
            "max": 5700.0
        },
        {
            "current": 800.0,
            "min": 800.0,
            "max": 5700.0
        },
        {
            "current": 800.0,
            "min": 800.0,
            "max": 5700.0
        },
        {
            "current": 1398.354,
            "min": 800.0,
            "max": 5700.0
        },
        {
            "current": 800.0,
            "min": 800.0,
            "max": 5700.0
        },
        {
            "current": 1666.402,
            "min": 800.0,
            "max": 5700.0
        },
        {
            "current": 1447.184,
            "min": 800.0,
            "max": 6000.0
        },
        {
            "current": 800.0,
            "min": 800.0,
            "max": 6000.0
        },
        {
            "current": 1100.474,
            "min": 800.0,
            "max": 6000.0
        },
        {
            "current": 800.0,
            "min": 800.0,
            "max": 6000.0
        },
        {
            "current": 1398.1,
            "min": 800.0,
            "max": 5700.0
        },
        {
            "current": 800.0,
            "min": 800.0,
            "max": 5700.0
        },
        {
            "current": 1401.907,
            "min": 800.0,
            "max": 5700.0
        },
        {
            "current": 800.0,
            "min": 800.0,
            "max": 5700.0
        },
        {
            "current": 800.0,
            "min": 800.0,
            "max": 4400.0
        },
        {
            "current": 800.0,
            "min": 800.0,
            "max": 4400.0
        },
        {
            "current": 800.0,
            "min": 800.0,
            "max": 4400.0
        },
        {
            "current": 800.0,
            "min": 800.0,
            "max": 4400.0
        },
        {
            "current": 800.0,
            "min": 800.0,
            "max": 4400.0
        },
        {
            "current": 800.0,
            "min": 800.0,
            "max": 4400.0
        },
        {
            "current": 800.0,
            "min": 800.0,
            "max": 4400.0
        },
        {
            "current": 800.0,
            "min": 800.0,
            "max": 4400.0
        },
        {
            "current": 800.0,
            "min": 800.0,
            "max": 4400.0
        },
        {
            "current": 800.0,
            "min": 800.0,
            "max": 4400.0
        },
        {
            "current": 800.0,
            "min": 800.0,
            "max": 4400.0
        },
        {
            "current": 800.0,
            "min": 800.0,
            "max": 4400.0
        },
        {
            "current": 800.0,
            "min": 800.0,
            "max": 4400.0
        },
        {
            "current": 800.0,
            "min": 800.0,
            "max": 4400.0
        },
        {
            "current": 800.0,
            "min": 800.0,
            "max": 4400.0
        },
        {
            "current": 800.0,
            "min": 800.0,
            "max": 4400.0
        }
    ],
    "disk": {
        "/": {
            "total": 3591.620620727539,
            "used": 61.295867919921875
        }
    },
    "gpu": "NVIDIA GeForce RTX 4090",
    "gpu_count": 1,
    "gpu_devices": [
        {
            "name": "NVIDIA GeForce RTX 4090",
            "memory_total": 25757220864
        }
    ],
    "memory": {
        "total": 62.617740631103516
    }
}
