{
    "os": "Linux-6.5.0-10-generic-x86_64-with-glibc2.38",
    "python": "3.10.13",
    "heartbeatAt": "2023-11-09T17:08:22.319222",
    "startedAt": "2023-11-09T17:08:16.402381",
    "docker": null,
    "cuda": null,
    "args": [
        "downsample_rate=2",
        "duration=11520",
        "offset=30",
        "optimizer.lr=1e-05",
        "sigma=3",
        "encoder=UNet++",
        "exp_name=UNet++",
        "loss.name=focal",
        "loss.weight=10"
    ],
    "state": "running",
    "program": "/home/xuanming/kaggle-detect-sleep/run/train.py",
    "codePathLocal": "run/train.py",
    "codePath": "run/train.py",
    "git": {
        "remote": "git@github.com:lullabies777/kaggle-detect-sleep.git",
        "commit": "12c5615d94c2b14b3c006ae0093e5f193fcf09e3"
    },
    "email": null,
    "root": "/home/xuanming/kaggle-detect-sleep",
    "host": "xuanming777",
    "username": "xuanming",
    "executable": "/home/xuanming/anaconda3/envs/sleep/bin/python",
    "cpu_count": 24,
    "cpu_count_logical": 32,
    "cpu_freq": {
        "current": 1409.155625,
        "min": 800.0,
        "max": 5087.5
    },
    "cpu_freq_per_core": [
        {
            "current": 5686.453,
            "min": 800.0,
            "max": 5700.0
        },
        {
            "current": 1100.16,
            "min": 800.0,
            "max": 5700.0
        },
        {
            "current": 5700.0,
            "min": 800.0,
            "max": 5700.0
        },
        {
            "current": 800.0,
            "min": 800.0,
            "max": 5700.0
        },
        {
            "current": 800.0,
            "min": 800.0,
            "max": 5700.0
        },
        {
            "current": 2258.335,
            "min": 800.0,
            "max": 5700.0
        },
        {
            "current": 5700.0,
            "min": 800.0,
            "max": 5700.0
        },
        {
            "current": 800.0,
            "min": 800.0,
            "max": 5700.0
        },
        {
            "current": 2408.81,
            "min": 800.0,
            "max": 6000.0
        },
        {
            "current": 1100.605,
            "min": 800.0,
            "max": 6000.0
        },
        {
            "current": 3684.128,
            "min": 800.0,
            "max": 6000.0
        },
        {
            "current": 800.0,
            "min": 800.0,
            "max": 6000.0
        },
        {
            "current": 5466.09,
            "min": 800.0,
            "max": 5700.0
        },
        {
            "current": 800.0,
            "min": 800.0,
            "max": 5700.0
        },
        {
            "current": 800.0,
            "min": 800.0,
            "max": 5700.0
        },
        {
            "current": 5577.76,
            "min": 800.0,
            "max": 5700.0
        },
        {
            "current": 897.779,
            "min": 800.0,
            "max": 4400.0
        },
        {
            "current": 800.0,
            "min": 800.0,
            "max": 4400.0
        },
        {
            "current": 800.0,
            "min": 800.0,
            "max": 4400.0
        },
        {
            "current": 800.0,
            "min": 800.0,
            "max": 4400.0
        },
        {
            "current": 800.0,
            "min": 800.0,
            "max": 4400.0
        },
        {
            "current": 800.0,
            "min": 800.0,
            "max": 4400.0
        },
        {
            "current": 800.0,
            "min": 800.0,
            "max": 4400.0
        },
        {
            "current": 800.0,
            "min": 800.0,
            "max": 4400.0
        },
        {
            "current": 800.0,
            "min": 800.0,
            "max": 4400.0
        },
        {
            "current": 800.0,
            "min": 800.0,
            "max": 4400.0
        },
        {
            "current": 800.0,
            "min": 800.0,
            "max": 4400.0
        },
        {
            "current": 800.0,
            "min": 800.0,
            "max": 4400.0
        },
        {
            "current": 3946.739,
            "min": 800.0,
            "max": 4400.0
        },
        {
            "current": 800.0,
            "min": 800.0,
            "max": 4400.0
        },
        {
            "current": 800.0,
            "min": 800.0,
            "max": 4400.0
        },
        {
            "current": 800.0,
            "min": 800.0,
            "max": 4400.0
        }
    ],
    "disk": {
        "/": {
            "total": 3591.620620727539,
            "used": 61.29607391357422
        }
    },
    "gpu": "NVIDIA GeForce RTX 4090",
    "gpu_count": 1,
    "gpu_devices": [
        {
            "name": "NVIDIA GeForce RTX 4090",
            "memory_total": 25757220864
        }
    ],
    "memory": {
        "total": 62.617740631103516
    }
}
